manager_id,manager_name,team,observed_matches,evidence_confidence,curation_status,skill_version,latest_observation,source,next_action
czechia_koubek,Miroslav Koubek,Czechia,0,0.0,research_gap,0.1-derived,,,acquire manager-specific match events and public tactical sources
mexico_aguirre,Javier Aguirre,Mexico,12,0.4,evidence_backed,0.2-statsbomb-observed,2020-06-16,statsbomb_open_data:303532:Javier Aguirre Onaindía|statsbomb_open_data:303715:Javier Aguirre Onaindía|statsbomb_open_data:68313:Javier Aguirre Onaindía|statsbomb_open_data:68318:Javier Aguirre Onaindía|statsbomb_open_data:68365:Javier Aguirre Onaindía|statsbomb_open_data:69144:Javier Aguirre Onaindía|statsbomb_open_data:69176:Javier Aguirre Onaindía|statsbomb_open_data:69212:Javier Aguirre Onaindía|statsbomb_open_data:69300:Javier Aguirre Onaindía|statsbomb_open_data:69331:Javier Aguirre Onaindía|statsbomb_open_data:70283:Javier Aguirre Onaindía|statsbomb_open_data:70306:Javier Aguirre Onaindía,review observed tactical identity and add public tactical sources
south_africa_broos,Hugo Broos,South Africa,7,0.233,limited_observed,0.2-statsbomb-observed,2024-02-10,statsbomb_open_data:3920391:Hugo Henri Broos|statsbomb_open_data:3920407:Hugo Henri Broos|statsbomb_open_data:3920416:Hugo Henri Broos|statsbomb_open_data:3922243:Hugo Henri Broos|statsbomb_open_data:3922658:Hugo Henri Broos|statsbomb_open_data:3922837:Hugo Henri Broos|statsbomb_open_data:3923880:Hugo Henri Broos,review observed tactical identity and add public tactical sources
korea_republic_hong,Hong Myung-bo,Korea Republic,0,0.0,research_gap,0.1-derived,,,acquire manager-specific match events and public tactical sources
bosnia_barbarez,Sergej Barbarez,Bosnia and Herzegovina,0,0.0,research_gap,0.1-derived,,,acquire manager-specific match events and public tactical sources
canada_marsch,Jesse Marsch,Canada,6,0.2,limited_observed,0.2-statsbomb-observed,2024-07-14,statsbomb_open_data:3939969:Jesse Marsch|statsbomb_open_data:3939978:Jesse Marsch|statsbomb_open_data:3939985:Jesse Marsch|statsbomb_open_data:3942229:Jesse Marsch|statsbomb_open_data:3942785:Jesse Marsch|statsbomb_open_data:3943076:Jesse Marsch,review observed tactical identity and add public tactical sources
qatar_lopetegui,Julen Lopetegui,Qatar,4,0.133,limited_observed,0.2-statsbomb-observed,2021-02-27,statsbomb_open_data:303473:Julen Lopetegui Argote|statsbomb_open_data:303674:Julen Lopetegui Argote|statsbomb_open_data:3773625:Julen Lopetegui Argote|statsbomb_open_data:3773672:Julen Lopetegui Argote,review observed tactical identity and add public tactical sources
switzerland_yakin,Murat Yakin,Switzerland,9,0.3,limited_observed,0.2-statsbomb-observed,2024-07-06,statsbomb_open_data:3857256:Murat Yakin|statsbomb_open_data:3857269:Murat Yakin|statsbomb_open_data:3857290:Murat Yakin|statsbomb_open_data:3869254:Murat Yakin|statsbomb_open_data:3930159:Murat Yakin|statsbomb_open_data:3930169:Murat Yakin|statsbomb_open_data:3930176:Murat Yakin|statsbomb_open_data:3940878:Murat Yakin|statsbomb_open_data:3942227:Murat Yakin,review observed tactical identity and add public tactical sources
brazil_ancelotti,Carlo Ancelotti,Brazil,7,0.233,limited_observed,0.2-statsbomb-observed,2015-03-22,statsbomb_open_data:18241:Carlo Ancelotti|statsbomb_open_data:2302764:Carlo Ancelotti|statsbomb_open_data:265857:Carlo Ancelotti|statsbomb_open_data:267085:Carlo Ancelotti|statsbomb_open_data:267183:Carlo Ancelotti|statsbomb_open_data:3750200:Carlo Ancelotti|statsbomb_open_data:70293:Carlo Ancelotti,review observed tactical identity and add public tactical sources
haiti_migne,Sebastien Migne,Haiti,0,0.0,research_gap,0.1-derived,,,acquire manager-specific match events and public tactical sources
morocco_ouahbi,Mohamed Ouahbi,Morocco,0,0.0,research_gap,0.1-derived,,,acquire manager-specific match events and public tactical sources
scotland_clarke,Steve Clarke,Scotland,6,0.2,limited_observed,0.2-statsbomb-observed,2024-06-23,statsbomb_open_data:3788748:Steve Clarke|statsbomb_open_data:3788759:Steve Clarke|statsbomb_open_data:3788771:Steve Clarke|statsbomb_open_data:3930158:Steve Clarke|statsbomb_open_data:3930169:Steve Clarke|statsbomb_open_data:3930177:Steve Clarke,review observed tactical identity and add public tactical sources
australia_popovic,Tony Popovic,Australia,0,0.0,research_gap,0.1-derived,,,acquire manager-specific match events and public tactical sources
paraguay_alfaro,Gustavo Alfaro,Paraguay,6,0.2,limited_observed,0.2-statsbomb-observed,2024-07-03,statsbomb_open_data:3857267:Gustavo Julio Alfaro|statsbomb_open_data:3857274:Gustavo Julio Alfaro|statsbomb_open_data:3857286:Gustavo Julio Alfaro|statsbomb_open_data:3939976:Gustavo Julio Alfaro|statsbomb_open_data:3939984:Gustavo Julio Alfaro|statsbomb_open_data:3939992:Gustavo Julio Alfaro,review observed tactical identity and add public tactical sources
turkiye_montella,Vincenzo Montella,Turkiye,12,0.4,evidence_backed,0.2-statsbomb-observed,2024-07-06,statsbomb_open_data:3879824:Vincenzo Montella|statsbomb_open_data:3879831:Vincenzo Montella|statsbomb_open_data:3879838:Vincenzo Montella|statsbomb_open_data:3879852:Vincenzo Montella|statsbomb_open_data:3879865:Vincenzo Montella|statsbomb_open_data:3879870:Vincenzo Montella|statsbomb_open_data:3930174:Vincenzo Montella|statsbomb_open_data:3930184:Vincenzo Montella|statsbomb_open_data:3938639:Vincenzo Montella|statsbomb_open_data:3941022:Vincenzo Montella|statsbomb_open_data:3942382:Vincenzo Montella|statsbomb_open_data:9860:Vincenzo Montella,review observed tactical identity and add public tactical sources
usa_pochettino,Mauricio Pochettino,USA,12,0.4,evidence_backed,0.2-statsbomb-observed,2022-05-21,statsbomb_open_data:3802643:Mauricio Roberto Pochettino Trossero|statsbomb_open_data:3802665:Mauricio Roberto Pochettino Trossero|statsbomb_open_data:3802676:Mauricio Roberto Pochettino Trossero|statsbomb_open_data:3802709:Mauricio Roberto Pochettino Trossero|statsbomb_open_data:3802805:Mauricio Roberto Pochettino Trossero|statsbomb_open_data:3802818:Mauricio Roberto Pochettino Trossero|statsbomb_open_data:3802839:Mauricio Roberto Pochettino Trossero|statsbomb_open_data:3802904:Mauricio Roberto Pochettino Trossero|statsbomb_open_data:3802930:Mauricio Roberto Pochettino Trossero|statsbomb_open_data:3802948:Mauricio Roberto Pochettino Trossero|statsbomb_open_data:3802983:Mauricio Roberto Pochettino Trossero|statsbomb_open_data:3803000:Mauricio Roberto Pochettino Trossero,review observed tactical identity and add public tactical sources
curacao_advocaat,Dick Advocaat,Curacao,8,0.267,limited_observed,0.2-statsbomb-observed,2015-10-03,statsbomb_open_data:3753993:Dick Advocaat|statsbomb_open_data:3754008:Dick Advocaat|statsbomb_open_data:3754076:Dick Advocaat|statsbomb_open_data:3754148:Dick Advocaat|statsbomb_open_data:3754169:Dick Advocaat|statsbomb_open_data:3754180:Dick Advocaat|statsbomb_open_data:3754204:Dick Advocaat|statsbomb_open_data:3754237:Dick Advocaat,review observed tactical identity and add public tactical sources
ecuador_beccacece,Sebastian Beccacece,Ecuador,0,0.0,research_gap,0.1-derived,,,acquire manager-specific match events and public tactical sources
germany_nagelsmann,Julian Nagelsmann,Germany,5,0.167,limited_observed,0.2-statsbomb-observed,2024-07-05,statsbomb_open_data:3930158:Julian Nagelsmann|statsbomb_open_data:3930168:Julian Nagelsmann|statsbomb_open_data:3930176:Julian Nagelsmann|statsbomb_open_data:3940983:Julian Nagelsmann|statsbomb_open_data:3942226:Julian Nagelsmann,review observed tactical identity and add public tactical sources
cote_divoire_fae,Emerse Fae,Cote d'Ivoire,4,0.133,limited_observed,0.2-statsbomb-observed,2024-02-11,statsbomb_open_data:3922242:Emerse Faé|statsbomb_open_data:3922659:Emerse Faé|statsbomb_open_data:3922838:Emerse Faé|statsbomb_open_data:3923881:Emerse Faé,review observed tactical identity and add public tactical sources
japan_moriyasu,Hajime Moriyasu,Japan,4,0.133,limited_observed,0.2-statsbomb-observed,2022-12-05,statsbomb_open_data:3857255:Hajime Moriyasu|statsbomb_open_data:3857284:Hajime Moriyasu|statsbomb_open_data:3857295:Hajime Moriyasu|statsbomb_open_data:3869219:Hajime Moriyasu,review observed tactical identity and add public tactical sources
netherlands_koeman,Ronald Koeman,Netherlands,12,0.4,evidence_backed,0.2-statsbomb-observed,2024-07-10,statsbomb_open_data:3773372:Ronald Koeman|statsbomb_open_data:3773387:Ronald Koeman|statsbomb_open_data:3773457:Ronald Koeman|statsbomb_open_data:3773586:Ronald Koeman|statsbomb_open_data:3773689:Ronald Koeman|statsbomb_open_data:3773695:Ronald Koeman|statsbomb_open_data:3930173:Ronald Koeman|statsbomb_open_data:3930180:Ronald Koeman|statsbomb_open_data:3938637:Ronald Koeman|statsbomb_open_data:3941021:Ronald Koeman|statsbomb_open_data:3942382:Ronald Koeman|statsbomb_open_data:3942819:Ronald Koeman,review observed tactical identity and add public tactical sources
sweden_potter,Graham Potter,Sweden,0,0.0,research_gap,0.1-derived,,,acquire manager-specific match events and public tactical sources
tunisia_lamouchi,Sabri Lamouchi,Tunisia,0,0.0,research_gap,0.1-derived,,,acquire manager-specific match events and public tactical sources
belgium_garcia,Rudi Garcia,Belgium,12,0.4,evidence_backed,0.2-statsbomb-observed,2016-01-09,statsbomb_open_data:3879567:Rudi Garcia|statsbomb_open_data:3879583:Rudi Garcia|statsbomb_open_data:3879592:Rudi Garcia|statsbomb_open_data:3879598:Rudi Garcia|statsbomb_open_data:3879610:Rudi Garcia|statsbomb_open_data:3879617:Rudi Garcia|statsbomb_open_data:3879632:Rudi Garcia|statsbomb_open_data:3879639:Rudi Garcia|statsbomb_open_data:3879651:Rudi Garcia|statsbomb_open_data:3879657:Rudi Garcia|statsbomb_open_data:3879672:Rudi Garcia|statsbomb_open_data:3879676:Rudi Garcia,review observed tactical identity and add public tactical sources
egypt_hassan,Hossam Hassan,Egypt,0,0.0,research_gap,0.1-derived,,,acquire manager-specific match events and public tactical sources
iran_ghalenoei,Amir Ghalenoei,IR Iran,0,0.0,research_gap,0.1-derived,,,acquire manager-specific match events and public tactical sources
new_zealand_bazeley,Darren Bazeley,New Zealand,0,0.0,research_gap,0.1-derived,,,acquire manager-specific match events and public tactical sources
cabo_verde_bubista,Bubista,Cabo Verde,0,0.0,research_gap,0.1-derived,,,acquire manager-specific match events and public tactical sources
saudi_arabia_donis,Georgios Donis,Saudi Arabia,0,0.0,research_gap,0.1-derived,,,acquire manager-specific match events and public tactical sources
spain_de_la_fuente,Luis de la Fuente,Spain,7,0.233,limited_observed,0.2-statsbomb-observed,2024-07-14,statsbomb_open_data:3930160:Luis de la Fuente Castillo|statsbomb_open_data:3930172:Luis de la Fuente Castillo|statsbomb_open_data:3930179:Luis de la Fuente Castillo|statsbomb_open_data:3941018:Luis de la Fuente Castillo|statsbomb_open_data:3942226:Luis de la Fuente Castillo|statsbomb_open_data:3942752:Luis de la Fuente Castillo|statsbomb_open_data:3943043:Luis de la Fuente Castillo,review observed tactical identity and add public tactical sources
uruguay_bielsa,Marcelo Bielsa,Uruguay,11,0.367,evidence_backed,0.2-statsbomb-observed,2024-07-14,statsbomb_open_data:267502:Marcelo Alberto Bielsa Caldera|statsbomb_open_data:3829414:Marcelo Alberto Bielsa Caldera|statsbomb_open_data:3939973:Marcelo Alberto Bielsa Caldera|statsbomb_open_data:3939982:Marcelo Alberto Bielsa Caldera|statsbomb_open_data:3939990:Marcelo Alberto Bielsa Caldera|statsbomb_open_data:3942415:Marcelo Alberto Bielsa Caldera|statsbomb_open_data:3942852:Marcelo Alberto Bielsa Caldera|statsbomb_open_data:3943076:Marcelo Alberto Bielsa Caldera|statsbomb_open_data:69323:Marcelo Alberto Bielsa Caldera|statsbomb_open_data:69330:Marcelo Alberto Bielsa Caldera|statsbomb_open_data:70263:Marcelo Alberto Bielsa Caldera,review observed tactical identity and add public tactical sources
france_deschamps,Didier Deschamps,France,12,0.4,evidence_backed,0.2-statsbomb-observed,2024-07-09,statsbomb_open_data:3857266:Didier Deschamps|statsbomb_open_data:3857275:Didier Deschamps|statsbomb_open_data:3869152:Didier Deschamps|statsbomb_open_data:3869354:Didier Deschamps|statsbomb_open_data:3869552:Didier Deschamps|statsbomb_open_data:3869685:Didier Deschamps|statsbomb_open_data:3930165:Didier Deschamps|statsbomb_open_data:3930173:Didier Deschamps|statsbomb_open_data:3938643:Didier Deschamps|statsbomb_open_data:3941019:Didier Deschamps|statsbomb_open_data:3942349:Didier Deschamps|statsbomb_open_data:3942752:Didier Deschamps,review observed tactical identity and add public tactical sources
iraq_arnold,Graham Arnold,Iraq,4,0.133,limited_observed,0.2-statsbomb-observed,2022-12-03,statsbomb_open_data:3857257:Graham James Arnold|statsbomb_open_data:3857279:Graham James Arnold|statsbomb_open_data:3857288:Graham James Arnold|statsbomb_open_data:3869151:Graham James Arnold,review observed tactical identity and add public tactical sources
norway_solbakken,Stale Solbakken,Norway,0,0.0,research_gap,0.1-derived,,,acquire manager-specific match events and public tactical sources
senegal_thiaw,Pape Thiaw,Senegal,0,0.0,research_gap,0.1-derived,,,acquire manager-specific match events and public tactical sources
algeria_petkovic,Vladimir Petkovic,Algeria,9,0.3,limited_observed,0.2-statsbomb-observed,2021-07-02,statsbomb_open_data:3788744:Vladimir Petković|statsbomb_open_data:3788754:Vladimir Petković|statsbomb_open_data:3788765:Vladimir Petković|statsbomb_open_data:3794691:Vladimir Petković|statsbomb_open_data:3795108:Vladimir Petković|statsbomb_open_data:7533:Vladimir Petković|statsbomb_open_data:7550:Vladimir Petković|statsbomb_open_data:7568:Vladimir Petković|statsbomb_open_data:7586:Vladimir Petković,review observed tactical identity and add public tactical sources
argentina_scaloni,Lionel Scaloni,Argentina,12,0.4,evidence_backed,0.2-statsbomb-observed,2024-07-15,statsbomb_open_data:3857264:Lionel Sebastián Scaloni|statsbomb_open_data:3857289:Lionel Sebastián Scaloni|statsbomb_open_data:3869151:Lionel Sebastián Scaloni|statsbomb_open_data:3869321:Lionel Sebastián Scaloni|statsbomb_open_data:3869519:Lionel Sebastián Scaloni|statsbomb_open_data:3869685:Lionel Sebastián Scaloni|statsbomb_open_data:3939969:Lionel Sebastián Scaloni|statsbomb_open_data:3939977:Lionel Sebastián Scaloni|statsbomb_open_data:3939986:Lionel Sebastián Scaloni|statsbomb_open_data:3942228:Lionel Sebastián Scaloni|statsbomb_open_data:3942785:Lionel Sebastián Scaloni|statsbomb_open_data:3943077:Lionel Sebastián Scaloni,review observed tactical identity and add public tactical sources
austria_rangnick,Ralf Rangnick,Austria,4,0.133,limited_observed,0.2-statsbomb-observed,2024-07-02,statsbomb_open_data:3930165:Ralf Rangnick|statsbomb_open_data:3930180:Ralf Rangnick|statsbomb_open_data:3938641:Ralf Rangnick|statsbomb_open_data:3941022:Ralf Rangnick,review observed tactical identity and add public tactical sources
jordan_sellami,Jamal Sellami,Jordan,0,0.0,research_gap,0.1-derived,,,acquire manager-specific match events and public tactical sources
colombia_lorenzo,Nestor Lorenzo,Colombia,6,0.2,limited_observed,0.2-statsbomb-observed,2024-07-15,statsbomb_open_data:3939975:Néstor Gabriel Lorenzo|statsbomb_open_data:3939984:Néstor Gabriel Lorenzo|statsbomb_open_data:3939991:Néstor Gabriel Lorenzo|statsbomb_open_data:3942416:Néstor Gabriel Lorenzo|statsbomb_open_data:3942852:Néstor Gabriel Lorenzo|statsbomb_open_data:3943077:Néstor Gabriel Lorenzo,review observed tactical identity and add public tactical sources
congo_dr_desabre,Sebastien Desabre,Congo DR,7,0.233,limited_observed,0.2-statsbomb-observed,2024-02-10,statsbomb_open_data:3920395:Sébastien Desabre|statsbomb_open_data:3920405:Sébastien Desabre|statsbomb_open_data:3920418:Sébastien Desabre|statsbomb_open_data:3922240:Sébastien Desabre|statsbomb_open_data:3922356:Sébastien Desabre|statsbomb_open_data:3922838:Sébastien Desabre|statsbomb_open_data:3923880:Sébastien Desabre,review observed tactical identity and add public tactical sources
portugal_martinez,Roberto Martinez,Portugal,12,0.4,evidence_backed,0.2-statsbomb-observed,2024-07-05,statsbomb_open_data:3788757:Roberto Martínez Montoliú|statsbomb_open_data:3788768:Roberto Martínez Montoliú|statsbomb_open_data:3794687:Roberto Martínez Montoliú|statsbomb_open_data:3795107:Roberto Martínez Montoliú|statsbomb_open_data:3857268:Roberto Martínez Montoliú|statsbomb_open_data:3857283:Roberto Martínez Montoliú|statsbomb_open_data:3857296:Roberto Martínez Montoliú|statsbomb_open_data:3930166:Roberto Martínez Montoliú|statsbomb_open_data:3930174:Roberto Martínez Montoliú|statsbomb_open_data:3938644:Roberto Martínez Montoliú|statsbomb_open_data:3941020:Roberto Martínez Montoliú|statsbomb_open_data:3942349:Roberto Martínez Montoliú,review observed tactical identity and add public tactical sources
uzbekistan_cannavaro,Fabio Cannavaro,Uzbekistan,0,0.0,research_gap,0.1-derived,,,acquire manager-specific match events and public tactical sources
croatia_dalic,Zlatko Dalic,Croatia,12,0.4,evidence_backed,0.2-statsbomb-observed,2024-06-24,statsbomb_open_data:3788771:Zlatko Dalić|statsbomb_open_data:3794686:Zlatko Dalić|statsbomb_open_data:3857277:Zlatko Dalić|statsbomb_open_data:3857281:Zlatko Dalić|statsbomb_open_data:3857296:Zlatko Dalić|statsbomb_open_data:3869219:Zlatko Dalić|statsbomb_open_data:3869420:Zlatko Dalić|statsbomb_open_data:3869519:Zlatko Dalić|statsbomb_open_data:3869684:Zlatko Dalić|statsbomb_open_data:3930160:Zlatko Dalić|statsbomb_open_data:3930167:Zlatko Dalić|statsbomb_open_data:3930178:Zlatko Dalić,review observed tactical identity and add public tactical sources
england_tuchel,Thomas Tuchel,England,4,0.133,limited_observed,0.2-statsbomb-observed,2024-02-10,statsbomb_open_data:3890301:Thomas Tuchel|statsbomb_open_data:3890456:Thomas Tuchel|statsbomb_open_data:3895074:Thomas Tuchel|statsbomb_open_data:3895232:Thomas Tuchel,review observed tactical identity and add public tactical sources
ghana_queiroz,Carlos Queiroz,Ghana,6,0.2,limited_observed,0.2-statsbomb-observed,2022-11-29,statsbomb_open_data:3857271:Carlos Manuel Brito Leal Queiróz|statsbomb_open_data:3857273:Carlos Manuel Brito Leal Queiróz|statsbomb_open_data:3857278:Carlos Manuel Brito Leal Queiróz|statsbomb_open_data:7543:Carlos Manuel Brito Leal Queiróz|statsbomb_open_data:7557:Carlos Manuel Brito Leal Queiróz|statsbomb_open_data:7577:Carlos Manuel Brito Leal Queiróz,review observed tactical identity and add public tactical sources
panama_christiansen,Thomas Christiansen,Panama,4,0.133,limited_observed,0.2-statsbomb-observed,2024-07-06,statsbomb_open_data:3939973:Thomas Christiansen Tarín|statsbomb_open_data:3939981:Thomas Christiansen Tarín|statsbomb_open_data:3939989:Thomas Christiansen Tarín|statsbomb_open_data:3942416:Thomas Christiansen Tarín,review observed tactical identity and add public tactical sources
