team,keeper,save_pct,post_shot_xg_prevented_per90,claim_rate,sweeper_rate,source,updated_at
Czechia,Matěj Kovář,0.6547,-0.0566,0.4365,0.5456,derived-player-team-profile,2026-09-02T13:43:31.617002+00:00
Mexico,Guillermo Ochoa,0.803,0.1287,0.5411,0.6764,derived-player-team-profile,2026-09-02T13:43:31.617002+00:00
South Africa,Ronwen Williams,0.7506,0.0633,0.4946,0.6182,derived-player-team-profile,2026-09-02T13:43:31.617002+00:00
Korea Republic,Kim Seung-gyu,0.55,-0.1875,0.3667,0.4583,derived-player-team-profile,2026-09-02T13:43:31.617002+00:00
Bosnia and Herzegovina,Nikola Vasilj,0.6634,-0.0457,0.4423,0.5528,derived-player-team-profile,2026-09-02T13:43:31.617002+00:00
Canada,Maxime Crépeau,0.6372,-0.0785,0.4248,0.531,derived-player-team-profile,2026-09-02T13:43:31.617002+00:00
Qatar,Meshaal Barsham,0.6809,-0.0239,0.4539,0.5674,derived-player-team-profile,2026-09-02T13:43:31.617002+00:00
Switzerland,Gregor Kobel,0.7768,0.096,0.5179,0.6473,derived-player-team-profile,2026-09-02T13:43:31.617002+00:00
Brazil,Alisson,0.88,0.3033,0.6284,0.7855,derived-player-team-profile,2026-09-02T13:43:31.617002+00:00
Haiti,Johny Placide,0.7594,0.0742,0.5004,0.6255,derived-player-team-profile,2026-09-02T13:43:31.617002+00:00
Morocco,Yassine Bounou,0.88,0.2814,0.6167,0.7709,derived-player-team-profile,2026-09-02T13:43:31.617002+00:00
Scotland,Craig Gordon,0.6983,-0.0021,0.4597,0.5747,derived-player-team-profile,2026-09-02T13:43:31.617002+00:00
Australia,Mathew Ryan,0.88,0.2596,0.6051,0.7564,derived-player-team-profile,2026-09-02T13:43:31.617002+00:00
Paraguay,Orlando Gill,0.5936,-0.133,0.3957,0.4947,derived-player-team-profile,2026-09-02T13:43:31.617002+00:00
Turkiye,Uğurcan Çakır,0.8291,0.1614,0.5527,0.6909,derived-player-team-profile,2026-09-02T13:43:31.617002+00:00
USA,Matt Turner,0.7855,0.1069,0.5237,0.6546,derived-player-team-profile,2026-09-02T13:43:31.617002+00:00
Curacao,Eloy Room,0.6896,-0.013,0.4655,0.5819,derived-player-team-profile,2026-09-02T13:43:31.617002+00:00
Ecuador,Hernán Galíndez,0.5674,-0.1657,0.3783,0.4728,derived-player-team-profile,2026-09-02T13:43:31.617002+00:00
Germany,Manuel Neuer,0.88,0.2922,0.6225,0.7782,derived-player-team-profile,2026-09-02T13:43:31.617002+00:00
Cote d'Ivoire,Yahia Fofana,0.7245,0.0306,0.483,0.6038,derived-player-team-profile,2026-09-02T13:43:31.617002+00:00
Japan,Zion Suzuki,0.7332,0.0415,0.4888,0.611,derived-player-team-profile,2026-09-02T13:43:31.617002+00:00
Netherlands,Bart Verbruggen,0.8379,0.1724,0.5586,0.6983,derived-player-team-profile,2026-09-02T13:43:31.617002+00:00
Sweden,Viktor Johansson,0.646,-0.0675,0.4307,0.5383,derived-player-team-profile,2026-09-02T13:43:31.617002+00:00
Tunisia,Aymen Dahmen,0.6285,-0.0894,0.4074,0.5092,derived-player-team-profile,2026-09-02T13:43:31.617002+00:00
Belgium,Thibaut Courtois,0.88,0.325,0.64,0.8,derived-player-team-profile,2026-09-02T13:43:31.617002+00:00
Egypt,Mohamed El Shenawy,0.7943,0.1179,0.5295,0.6619,derived-player-team-profile,2026-09-02T13:43:31.617002+00:00
IR Iran,Alireza Beiranvand,0.864,0.205,0.576,0.72,derived-player-team-profile,2026-09-02T13:43:31.617002+00:00
New Zealand,Max Crocombe,0.5762,-0.1548,0.3841,0.4802,derived-player-team-profile,2026-09-02T13:43:31.617002+00:00
Cabo Verde,Vozinha,0.707,0.0088,0.4713,0.5892,derived-player-team-profile,2026-09-02T13:43:31.617002+00:00
Saudi Arabia,Mohammed Al-Owais,0.7157,0.0196,0.4771,0.5964,derived-player-team-profile,2026-09-02T13:43:31.617002+00:00
Spain,Unai Simón,0.88,0.2705,0.6109,0.7637,derived-player-team-profile,2026-09-02T13:43:31.617002+00:00
Uruguay,Fernando Muslera,0.88,0.2269,0.5819,0.7273,derived-player-team-profile,2026-09-02T13:43:31.617002+00:00
France,Mike Maignan,0.8466,0.1832,0.5644,0.7055,derived-player-team-profile,2026-09-02T13:43:31.617002+00:00
Iraq,Jalal Hassan,0.8117,0.1396,0.5469,0.6837,derived-player-team-profile,2026-09-02T13:43:31.617002+00:00
Norway,Ørjan Nyland,0.8204,0.1505,0.5353,0.6692,derived-player-team-profile,2026-09-02T13:43:31.617002+00:00
Senegal,Édouard Mendy,0.8553,0.1941,0.5702,0.7127,derived-player-team-profile,2026-09-02T13:43:31.617002+00:00
Algeria,Luca Zidane,0.5587,-0.1766,0.3725,0.4656,derived-player-team-profile,2026-09-02T13:43:31.617002+00:00
Argentina,Emiliano Martínez,0.8728,0.216,0.5877,0.7346,derived-player-team-profile,2026-09-02T13:43:31.617002+00:00
Austria,Alexander Schlager,0.6111,-0.1111,0.4132,0.5165,derived-player-team-profile,2026-09-02T13:43:31.617002+00:00
Jordan,Yazeed Abulaila,0.7681,0.0851,0.5121,0.6401,derived-player-team-profile,2026-09-02T13:43:31.617002+00:00
Colombia,David Ospina,0.7419,0.0524,0.5063,0.6328,derived-player-team-profile,2026-09-02T13:43:31.617002+00:00
Congo DR,Matthieu Epolo,0.5849,-0.1439,0.3899,0.4874,derived-player-team-profile,2026-09-02T13:43:31.617002+00:00
Portugal,Diogo Costa,0.88,0.2377,0.5935,0.7418,derived-player-team-profile,2026-09-02T13:43:31.617002+00:00
Uzbekistan,Utkir Yusupov,0.6023,-0.1221,0.4015,0.5019,derived-player-team-profile,2026-09-02T13:43:31.617002+00:00
Croatia,Dominik Livaković,0.88,0.2486,0.5993,0.7491,derived-player-team-profile,2026-09-02T13:43:31.617002+00:00
England,Jordan Pickford,0.88,0.3141,0.6342,0.7927,derived-player-team-profile,2026-09-02T13:43:31.617002+00:00
Ghana,Lawrence Ati-Zigi,0.6198,-0.1003,0.419,0.5238,derived-player-team-profile,2026-09-02T13:43:31.617002+00:00
Panama,Orlando Mosquera,0.6721,-0.0349,0.4481,0.5601,derived-player-team-profile,2026-09-02T13:43:31.617002+00:00
