team,formation,pressing,build_up,transition,defensive_line,width,source,updated_at
Czechia,3-4-3,74.19,68.95,78.0,76.4,73.37,derived-player-team-profile,2026-06-05T19:40:23.502261+00:00
Mexico,4-3-3,80.3,78.99,81.0,84.15,78.56,derived-player-team-profile,2026-06-05T19:40:23.502261+00:00
South Africa,4-3-3,55.87,56.74,79.0,70.22,84.53,derived-player-team-profile,2026-06-05T19:40:23.502261+00:00
Korea Republic,4-4-2,55.0,55.0,84.0,72.55,61.9,derived-player-team-profile,2026-06-05T19:40:23.502261+00:00
Bosnia and Herzegovina,4-3-3,59.36,59.8,76.0,69.79,71.17,derived-player-team-profile,2026-06-05T19:40:23.502261+00:00
Canada,4-3-3,81.17,83.79,88.0,83.28,80.91,derived-player-team-profile,2026-06-05T19:40:23.502261+00:00
Qatar,4-3-3,56.74,60.67,78.0,70.48,75.41,derived-player-team-profile,2026-06-05T19:40:23.502261+00:00
Switzerland,3-4-3,88.15,88.59,79.0,82.89,80.28,derived-player-team-profile,2026-06-05T19:40:23.502261+00:00
Brazil,3-4-3,77.68,81.61,91.0,78.96,87.35,derived-player-team-profile,2026-06-05T19:40:23.502261+00:00
Haiti,4-3-3,61.11,58.05,78.0,69.22,79.66,derived-player-team-profile,2026-06-05T19:40:23.502261+00:00
Morocco,3-4-3,85.53,86.84,85.0,83.58,90.81,derived-player-team-profile,2026-06-05T19:40:23.502261+00:00
Scotland,4-4-2,75.94,75.5,77.0,81.1,78.55,derived-player-team-profile,2026-06-05T19:40:23.502261+00:00
Australia,4-3-3,60.23,63.29,78.0,75.18,82.48,derived-player-team-profile,2026-06-05T19:40:23.502261+00:00
Paraguay,3-4-3,69.83,63.72,78.0,75.14,73.06,derived-player-team-profile,2026-06-05T19:40:23.502261+00:00
Turkiye,4-3-3,78.55,80.3,84.0,83.2,87.98,derived-player-team-profile,2026-06-05T19:40:23.502261+00:00
USA,3-4-3,90.77,84.66,84.0,83.01,80.44,derived-player-team-profile,2026-06-05T19:40:23.502261+00:00
Curacao,4-3-3,57.62,60.23,76.0,67.96,89.24,derived-player-team-profile,2026-06-05T19:40:23.502261+00:00
Ecuador,4-3-3,71.57,72.01,85.0,81.14,79.18,derived-player-team-profile,2026-06-05T19:40:23.502261+00:00
Germany,4-2-3-1,95.13,82.91,84.0,89.5,76.67,derived-player-team-profile,2026-06-05T19:40:23.502261+00:00
Cote d'Ivoire,4-3-3,73.32,74.62,84.0,78.88,88.45,derived-player-team-profile,2026-06-05T19:40:23.502261+00:00
Japan,4-2-3-1,86.4,87.28,86.0,88.93,86.57,derived-player-team-profile,2026-06-05T19:40:23.502261+00:00
Netherlands,4-3-3,89.02,87.28,86.0,88.24,81.23,derived-player-team-profile,2026-06-05T19:40:23.502261+00:00
Sweden,4-3-3,70.7,68.53,80.0,77.97,80.91,derived-player-team-profile,2026-06-05T19:40:23.502261+00:00
Tunisia,3-4-3,63.72,65.47,77.0,72.66,87.2,derived-player-team-profile,2026-06-05T19:40:23.502261+00:00
Belgium,3-4-3,82.04,92.07,83.0,80.37,88.45,derived-player-team-profile,2026-06-05T19:40:23.502261+00:00
Egypt,4-3-3,68.96,72.01,82.0,73.57,85.63,derived-player-team-profile,2026-06-05T19:40:23.502261+00:00
IR Iran,3-4-3,65.47,77.68,78.0,72.05,85.78,derived-player-team-profile,2026-06-05T19:40:23.502261+00:00
New Zealand,4-4-2,64.6,67.65,76.0,73.54,78.4,derived-player-team-profile,2026-06-05T19:40:23.502261+00:00
Cabo Verde,4-2-3-1,58.49,69.83,79.0,72.31,86.41,derived-player-team-profile,2026-06-05T19:40:23.502261+00:00
Saudi Arabia,3-4-3,67.21,65.91,80.0,71.44,85.94,derived-player-team-profile,2026-06-05T19:40:23.502261+00:00
Spain,3-4-3,84.66,79.87,86.0,84.77,83.74,derived-player-team-profile,2026-06-05T19:40:23.502261+00:00
Uruguay,3-5-2,94.26,83.35,83.0,86.06,84.52,derived-player-team-profile,2026-06-05T19:40:23.502261+00:00
France,4-3-3,87.28,83.35,91.0,87.67,82.64,derived-player-team-profile,2026-06-05T19:40:23.502261+00:00
Iraq,3-4-3,62.85,61.11,78.0,68.95,81.07,derived-player-team-profile,2026-06-05T19:40:23.502261+00:00
Norway,3-4-3,92.51,80.73,80.0,78.19,77.93,derived-player-team-profile,2026-06-05T19:40:23.502261+00:00
Senegal,3-4-3,76.81,84.66,87.0,78.66,86.72,derived-player-team-profile,2026-06-05T19:40:23.502261+00:00
Algeria,3-4-3,75.06,75.06,83.0,77.28,79.5,derived-player-team-profile,2026-06-05T19:40:23.502261+00:00
Argentina,3-4-3,93.38,91.21,88.0,84.54,81.22,derived-player-team-profile,2026-06-05T19:40:23.502261+00:00
Austria,3-5-2,91.64,82.47,81.0,87.97,75.1,derived-player-team-profile,2026-06-05T19:40:23.502261+00:00
Jordan,3-5-2,61.98,60.67,79.0,70.18,71.48,derived-player-team-profile,2026-06-05T19:40:23.502261+00:00
Colombia,4-2-3-1,83.79,84.22,86.0,85.3,84.37,derived-player-team-profile,2026-06-05T19:40:23.502261+00:00
Congo DR,3-4-3,68.09,65.91,84.0,73.92,79.81,derived-player-team-profile,2026-06-05T19:40:23.502261+00:00
Portugal,3-4-3,96.0,92.94,88.0,86.63,88.3,derived-player-team-profile,2026-06-05T19:40:23.502261+00:00
Uzbekistan,3-5-2,72.45,79.43,78.0,74.8,83.11,derived-player-team-profile,2026-06-05T19:40:23.502261+00:00
Croatia,3-5-2,82.91,84.66,80.0,78.81,75.88,derived-player-team-profile,2026-06-05T19:40:23.502261+00:00
England,3-4-3,89.89,89.45,86.0,83.31,85.94,derived-player-team-profile,2026-06-05T19:40:23.502261+00:00
Ghana,3-4-3,66.34,72.01,82.0,72.35,85.47,derived-player-team-profile,2026-06-05T19:40:23.502261+00:00
Panama,4-2-3-1,79.43,82.91,78.0,81.21,85.0,derived-player-team-profile,2026-06-05T19:40:23.502261+00:00
